timestamp,open,high,low,close,volume
2025-07-21 00:27:00,116947.3,116960.0,116912.21,116960.0,25.62817
2025-07-21 00:28:00,116960.0,116991.94,116943.24,116960.01,7.96488
2025-07-21 00:29:00,116960.0,116960.0,116902.46,116914.5,3.74401
2025-07-21 00:30:00,116914.5,116958.14,116914.49,116934.99,11.06802
2025-07-21 00:31:00,116935.0,116970.69,116880.0,116954.54,12.59284
2025-07-21 00:32:00,116954.54,116999.18,116954.53,116999.18,1.7408
2025-07-21 00:33:00,116999.17,116999.18,116906.16,116906.17,3.4685
2025-07-21 00:34:00,116906.17,116930.5,116806.25,116864.49,9.22345
2025-07-21 00:35:00,116864.49,116937.13,116864.49,116905.4,3.05464
2025-07-21 00:36:00,116905.39,116905.39,116734.57,116750.0,12.53622
2025-07-21 00:37:00,116750.0,116950.0,116750.0,116929.72,11.64114
2025-07-21 00:38:00,116929.73,116972.72,116870.62,116972.72,20.5672
2025-07-21 00:39:00,116972.71,116972.72,116942.48,116955.39,6.5323
2025-07-21 00:40:00,116955.39,117125.45,116955.39,117125.45,23.67705
2025-07-21 00:41:00,117125.44,117154.81,117106.28,117124.01,13.2901
2025-07-21 00:42:00,117124.0,117196.33,117124.0,117160.0,10.34663
2025-07-21 00:43:00,117160.0,117160.0,116921.31,116979.04,16.21991
2025-07-21 00:44:00,116979.05,117027.21,116960.54,117026.79,3.97282
2025-07-21 00:45:00,117026.78,117026.78,116885.0,116885.01,2.73969
2025-07-21 00:46:00,116885.01,116960.0,116885.0,116960.0,4.49022
2025-07-21 00:47:00,116960.0,116971.26,116924.21,116971.26,8.81566
2025-07-21 00:48:00,116971.27,117147.73,116940.0,117147.73,16.29063
2025-07-21 00:49:00,117147.72,117196.32,117037.29,117196.31,27.08663
2025-07-21 00:50:00,117196.31,117220.0,117132.28,117176.37,9.18581
2025-07-21 00:51:00,117176.37,117182.67,117088.3,117180.0,7.64918
2025-07-21 00:52:00,117179.99,117190.82,117152.35,117152.36,4.75078
2025-07-21 00:53:00,117152.35,117276.58,117152.35,117246.51,18.80579
2025-07-21 00:54:00,117246.5,117246.51,117125.22,117126.71,8.23866
2025-07-21 00:55:00,117126.7,117153.52,117080.0,117080.01,48.35227
2025-07-21 00:56:00,117080.01,117244.77,117070.0,117244.77,18.37918
2025-07-21 00:57:00,117244.76,117265.61,117229.3,117265.6,3.66907
2025-07-21 00:58:00,117265.6,117352.06,117253.86,117253.87,14.78578
2025-07-21 00:59:00,117253.87,117352.06,117253.8,117352.06,34.15374
2025-07-21 01:00:00,117352.05,117415.22,117324.11,117324.12,40.87861
2025-07-21 01:01:00,117324.11,117386.91,117286.33,117317.11,38.75817
2025-07-21 01:02:00,117317.12,117377.12,117317.11,117334.22,29.00593
2025-07-21 01:03:00,117334.22,117431.47,117334.22,117395.13,7.26608
2025-07-21 01:04:00,117395.12,117395.12,117305.73,117305.73,8.36801
2025-07-21 01:05:00,117305.74,117389.13,117277.34,117373.52,7.87824
2025-07-21 01:06:00,117373.53,117389.82,117347.5,117347.51,12.76392
2025-07-21 01:07:00,117347.5,117441.62,117310.45,117441.62,15.16388
2025-07-21 01:08:00,117441.61,117441.61,117370.01,117370.02,3.66474
2025-07-21 01:09:00,117370.01,117385.99,117311.7,117311.7,5.40448
2025-07-21 01:10:00,117311.7,117311.7,117188.0,117198.0,9.44467
2025-07-21 01:11:00,117198.0,117227.77,117198.0,117202.61,4.86939
2025-07-21 01:12:00,117202.61,117239.36,117147.13,117239.36,10.02377
2025-07-21 01:13:00,117239.35,117256.85,117200.22,117209.99,7.46989
2025-07-21 01:14:00,117209.98,117232.9,117163.12,117163.13,4.44204
2025-07-21 01:15:00,117163.13,117248.46,117163.13,117241.6,6.99905
2025-07-21 01:16:00,117241.6,117241.6,117189.25,117189.25,2.1842
2025-07-21 01:17:00,117189.26,117253.48,117189.25,117244.39,3.39356
2025-07-21 01:18:00,117244.4,117244.4,117174.0,117205.92,2.22993
2025-07-21 01:19:00,117205.93,117229.37,117152.48,117152.48,8.888
2025-07-21 01:20:00,117152.48,117176.64,117111.01,117120.53,6.92767
2025-07-21 01:21:00,117120.53,117139.56,117070.0,117070.01,23.73052
2025-07-21 01:22:00,117070.01,117135.71,117070.0,117106.84,8.33424
2025-07-21 01:23:00,117106.73,117158.66,117090.75,117131.32,10.35958
2025-07-21 01:24:00,117131.33,117175.0,117131.32,117131.62,2.74989
2025-07-21 01:25:00,117131.63,117175.29,117085.71,117085.72,2.58342
2025-07-21 01:26:00,117085.71,117105.93,117066.0,117066.01,6.8527
2025-07-21 01:27:00,117066.01,117121.86,117040.96,117111.75,5.54667
2025-07-21 01:28:00,117111.75,117169.99,117100.0,117169.99,4.34095
2025-07-21 01:29:00,117169.99,117169.99,117130.9,117130.91,4.00012
2025-07-21 01:30:00,117130.91,117163.07,117100.0,117163.06,2.44092
2025-07-21 01:31:00,117163.07,117219.02,117151.84,117151.85,5.43953
2025-07-21 01:32:00,117151.85,117206.21,117151.84,117206.21,3.4888
2025-07-21 01:33:00,117206.2,117222.35,117093.35,117093.36,3.35583
2025-07-21 01:34:00,117093.36,117146.74,116980.0,116982.83,12.80702
2025-07-21 01:35:00,116982.82,117010.27,116906.86,116966.47,14.54161
2025-07-21 01:36:00,116966.47,116966.47,116828.0,116835.22,13.59952
2025-07-21 01:37:00,116835.22,116856.58,116803.99,116856.58,7.19195
2025-07-21 01:38:00,116856.58,116862.9,116809.78,116809.78,8.17019
2025-07-21 01:39:00,116809.78,116846.96,116775.95,116813.1,16.57993
2025-07-21 01:40:00,116813.1,116922.9,116800.95,116874.61,5.13719
2025-07-21 01:41:00,116874.6,116939.95,116865.52,116939.95,4.58725
2025-07-21 01:42:00,116939.94,116939.95,116905.76,116905.77,3.42985
2025-07-21 01:43:00,116905.76,116939.94,116880.0,116939.94,3.12269
2025-07-21 01:44:00,116939.93,116966.35,116920.19,116966.34,4.9079
2025-07-21 01:45:00,116966.35,116972.72,116966.34,116972.71,1.59929
2025-07-21 01:46:00,116972.71,116999.18,116940.0,116987.49,9.22604
2025-07-21 01:47:00,116987.49,117015.95,116946.14,116986.57,3.82671
2025-07-21 01:48:00,116986.57,116987.67,116922.91,116922.91,4.6029
2025-07-21 01:49:00,116922.91,117074.0,116922.91,117074.0,5.32454
2025-07-21 01:50:00,117074.0,117074.0,117031.04,117074.0,9.39688
2025-07-21 01:51:00,117074.0,117089.89,117041.5,117055.41,6.99057
2025-07-21 01:52:00,117055.42,117132.01,117055.42,117132.01,7.63365
2025-07-21 01:53:00,117132.01,117169.6,117102.98,117169.6,3.98538
2025-07-21 01:54:00,117169.59,117169.6,117129.9,117147.27,3.11851
2025-07-21 01:55:00,117147.27,117196.33,117147.26,117196.33,3.33282
2025-07-21 01:56:00,117196.33,117237.49,117196.32,117237.48,3.18351
2025-07-21 01:57:00,117237.48,117300.0,117237.48,117279.77,11.23764
2025-07-21 01:58:00,117279.76,117305.86,117268.6,117305.86,3.95409
2025-07-21 01:59:00,117305.85,117316.2,117305.85,117305.86,5.47325
2025-07-21 02:00:00,117305.86,117348.0,117305.86,117341.46,8.34135
2025-07-21 02:01:00,117341.47,117377.86,117341.46,117377.85,5.80991
2025-07-21 02:02:00,117377.85,117479.14,117377.85,117479.13,11.1519
2025-07-21 02:03:00,117479.13,117505.71,117450.67,117505.71,17.86581
2025-07-21 02:04:00,117505.71,117528.62,117503.39,117528.61,8.62166
2025-07-21 02:05:00,117528.61,117528.62,117476.21,117510.0,7.7533
2025-07-21 02:06:00,117509.99,117530.14,117509.4,117530.1,14.76209
2025-07-21 02:07:00,117530.11,117550.0,117530.1,117550.0,8.03082
2025-07-21 02:08:00,117550.0,117604.58,117546.72,117604.58,40.15039
2025-07-21 02:09:00,117604.57,117800.0,117604.57,117800.0,32.55405
2025-07-21 02:10:00,117800.0,117884.29,117789.04,117884.28,23.35127
2025-07-21 02:11:00,117884.28,117924.83,117884.28,117924.82,18.71079
2025-07-21 02:12:00,117924.82,117924.83,117841.51,117918.6,21.15658
2025-07-21 02:13:00,117918.59,117991.59,117918.59,117982.31,9.58787
2025-07-21 02:14:00,117982.3,117982.3,117895.63,117905.85,10.45776
2025-07-21 02:15:00,117905.84,117931.67,117829.72,117844.0,16.11823
2025-07-21 02:16:00,117844.0,117844.0,117770.14,117770.14,24.84644
2025-07-21 02:17:00,117770.14,117791.77,117721.85,117734.03,6.79454
2025-07-21 02:18:00,117734.03,117734.03,117686.27,117714.93,7.78777
2025-07-21 02:19:00,117714.94,117714.94,117687.28,117699.44,10.32323
2025-07-21 02:20:00,117699.44,117743.21,117697.6,117724.35,10.95999
2025-07-21 02:21:00,117724.36,117749.27,117724.36,117733.61,4.30753
2025-07-21 02:22:00,117733.61,117789.88,117709.32,117783.14,6.18009
2025-07-21 02:23:00,117783.15,117783.15,117760.21,117760.21,4.08667
2025-07-21 02:24:00,117760.22,117852.22,117754.44,117814.24,15.9682
2025-07-21 02:25:00,117814.18,117877.53,117814.18,117862.64,7.13929
2025-07-21 02:26:00,117862.65,117943.45,117828.3,117943.44,17.24147
2025-07-21 02:27:00,117943.44,117998.0,117924.69,117971.19,21.72447
2025-07-21 02:28:00,117971.19,118083.41,117971.18,117985.14,37.65282
2025-07-21 02:29:00,117985.15,118040.0,117985.14,118039.99,2.3264
2025-07-21 02:30:00,118039.99,118039.99,117952.0,117952.01,19.95532
2025-07-21 02:31:00,117952.01,117953.48,117895.63,117912.0,14.66068
2025-07-21 02:32:00,117911.99,117951.21,117911.99,117951.21,4.40973
2025-07-21 02:33:00,117951.21,117979.95,117951.2,117956.68,8.01292
2025-07-21 02:34:00,117956.68,117993.19,117950.0,117950.0,3.47357
2025-07-21 02:35:00,117950.0,117999.72,117950.0,117999.72,6.21927
2025-07-21 02:36:00,117999.72,117999.72,117918.44,117935.8,18.32609
2025-07-21 02:37:00,117935.8,117935.8,117833.71,117833.71,6.70527
2025-07-21 02:38:00,117833.71,117857.25,117825.4,117835.51,2.8952
2025-07-21 02:39:00,117835.51,117920.0,117835.51,117920.0,3.34086
2025-07-21 02:40:00,117920.0,117946.23,117900.14,117931.96,15.41311
2025-07-21 02:41:00,117931.96,117983.36,117931.96,117956.08,4.22904
2025-07-21 02:42:00,117956.09,117998.59,117914.53,117914.53,8.09571
2025-07-21 02:43:00,117914.53,117914.54,117833.25,117833.26,28.04804
2025-07-21 02:44:00,117833.26,117852.0,117833.25,117851.99,0.69012
2025-07-21 02:45:00,117851.99,117852.0,117783.79,117783.8,4.29881
2025-07-21 02:46:00,117783.8,117815.53,117783.79,117783.79,6.26424
2025-07-21 02:47:00,117783.79,117825.3,117783.79,117825.3,1.24853
2025-07-21 02:48:00,117825.29,117825.3,117818.92,117824.23,1.79442
2025-07-21 02:49:00,117824.22,117857.81,117812.52,117857.8,5.41138
2025-07-21 02:50:00,117857.8,117902.74,117857.8,117902.74,2.55415
2025-07-21 02:51:00,117902.73,118052.05,117902.73,118007.53,21.6764
2025-07-21 02:52:00,118007.53,118007.53,117977.03,117977.04,4.83584
2025-07-21 02:53:00,117977.03,117989.3,117940.54,117963.46,3.62852
2025-07-21 02:54:00,117963.47,117980.0,117919.54,117919.54,6.27819
2025-07-21 02:55:00,117919.55,117946.9,117917.82,117946.88,6.45606
2025-07-21 02:56:00,117946.88,117987.55,117946.88,117987.54,4.70917
2025-07-21 02:57:00,117987.55,118022.13,117976.41,118015.6,6.19781
2025-07-21 02:58:00,118015.6,118015.6,118001.5,118015.59,3.56391
2025-07-21 02:59:00,118015.59,118183.93,118015.58,118183.92,32.3772
2025-07-21 03:00:00,118183.92,118274.68,118131.75,118144.61,38.61879
2025-07-21 03:01:00,118144.6,118193.34,118144.6,118184.94,7.55394
2025-07-21 03:02:00,118184.95,118304.04,118184.94,118297.72,29.59049
2025-07-21 03:03:00,118297.73,118450.68,118297.72,118418.17,70.92741
2025-07-21 03:04:00,118418.17,118418.18,118340.0,118359.98,15.27293
2025-07-21 03:05:00,118359.99,118449.99,118354.0,118449.99,11.50065
2025-07-21 03:06:00,118449.99,118461.06,118414.68,118461.05,22.80232
2025-07-21 03:07:00,118461.06,118461.53,118421.1,118447.35,7.16509
2025-07-21 03:08:00,118447.35,118464.25,118437.05,118464.25,11.3865
2025-07-21 03:09:00,118464.25,118464.25,118428.7,118440.0,11.081
2025-07-21 03:10:00,118440.0,118518.44,118420.0,118518.43,45.02157
2025-07-21 03:11:00,118518.43,118518.44,118428.72,118428.72,17.32346
2025-07-21 03:12:00,118428.72,118428.73,118372.6,118372.61,7.81102
2025-07-21 03:13:00,118372.61,118400.0,118372.6,118400.0,9.0954
2025-07-21 03:14:00,118399.99,118430.55,118399.99,118430.54,3.06441
2025-07-21 03:15:00,118430.54,118440.0,118413.62,118413.63,9.68965
2025-07-21 03:16:00,118413.63,118464.7,118413.62,118464.7,5.04806
2025-07-21 03:17:00,118464.69,118492.78,118464.69,118492.77,8.22106
2025-07-21 03:18:00,118492.78,118539.63,118492.77,118520.0,14.08282
2025-07-21 03:19:00,118519.99,118520.0,118519.99,118519.99,1.34572
2025-07-21 03:20:00,118520.0,118524.53,118512.24,118520.0,24.91711
2025-07-21 03:21:00,118520.01,118520.01,118461.05,118461.05,8.35523
2025-07-21 03:22:00,118461.05,118461.06,118366.53,118380.43,12.90834
2025-07-21 03:23:00,118380.44,118400.0,118380.43,118392.72,2.17144
2025-07-21 03:24:00,118392.72,118392.73,118382.0,118382.0,7.76402
2025-07-21 03:25:00,118382.0,118432.18,118370.4,118420.67,10.34686
2025-07-21 03:26:00,118420.68,118435.02,118410.86,118435.02,1.85461
2025-07-21 03:27:00,118435.01,118435.02,118435.01,118435.02,1.80489
2025-07-21 03:28:00,118435.01,118435.01,118381.78,118435.0,18.72548
2025-07-21 03:29:00,118435.0,118488.19,118435.0,118488.18,5.57015
2025-07-21 03:30:00,118488.18,118524.32,118488.18,118524.32,10.30461
2025-07-21 03:31:00,118524.32,118547.81,118524.31,118547.81,7.31111
2025-07-21 03:32:00,118547.81,118580.0,118547.81,118579.99,5.28947
2025-07-21 03:33:00,118580.0,118585.19,118568.39,118585.18,6.65951
2025-07-21 03:34:00,118585.19,118585.19,118545.24,118585.17,41.74213
2025-07-21 03:35:00,118585.17,118614.7,118585.17,118614.7,13.62259
2025-07-21 03:36:00,118614.7,118614.7,118500.0,118511.92,47.97852
2025-07-21 03:37:00,118511.91,118511.92,118461.51,118482.8,15.76413
2025-07-21 03:38:00,118482.8,118482.8,118394.19,118405.15,10.77834
2025-07-21 03:39:00,118405.15,118427.62,118404.54,118427.62,4.15841
2025-07-21 03:40:00,118427.62,118427.62,118427.61,118427.62,1.56358
2025-07-21 03:41:00,118427.62,118427.62,118391.53,118391.54,16.36905
2025-07-21 03:42:00,118391.53,118423.85,118391.53,118402.93,7.06062
2025-07-21 03:43:00,118402.92,118423.85,118402.92,118423.85,9.90896
2025-07-21 03:44:00,118423.85,118428.08,118394.27,118428.08,7.60047
2025-07-21 03:45:00,118428.08,118428.08,118367.22,118367.23,9.70257
2025-07-21 03:46:00,118367.22,118388.09,118354.06,118354.07,10.39841
2025-07-21 03:47:00,118354.07,118380.33,118354.06,118380.33,7.095
2025-07-21 03:48:00,118380.32,118386.32,118380.32,118380.32,3.93005
2025-07-21 03:49:00,118380.32,118380.33,118380.32,118380.32,10.88882
2025-07-21 03:50:00,118380.32,118380.33,118303.24,118329.36,10.5629
2025-07-21 03:51:00,118329.37,118329.37,118309.95,118309.96,6.07784
2025-07-21 03:52:00,118309.96,118318.12,118309.95,118309.95,5.17748
2025-07-21 03:53:00,118309.95,118309.96,118263.0,118264.85,9.6769
2025-07-21 03:54:00,118264.85,118299.99,118252.5,118299.99,10.83656
2025-07-21 03:55:00,118299.99,118329.52,118299.98,118316.42,5.45147
2025-07-21 03:56:00,118316.42,118371.37,118302.35,118366.82,7.91877
2025-07-21 03:57:00,118366.82,118372.31,118366.82,118372.3,2.5635
2025-07-21 03:58:00,118372.31,118408.0,118372.31,118407.99,3.58902
2025-07-21 03:59:00,118407.99,118408.0,118404.0,118404.0,2.42782
2025-07-21 04:00:00,118404.01,118404.01,118404.0,118404.01,3.16801
2025-07-21 04:01:00,118404.0,118404.01,118402.9,118402.91,9.63532
2025-07-21 04:02:00,118402.9,118402.91,118309.93,118330.99,22.95205
2025-07-21 04:03:00,118331.0,118388.55,118331.0,118388.54,8.92611
2025-07-21 04:04:00,118388.54,118408.0,118388.54,118407.99,4.06522
2025-07-21 04:05:00,118408.0,118408.0,118376.28,118376.28,6.42126
2025-07-21 04:06:00,118376.28,118389.69,118339.52,118376.31,9.09681
2025-07-21 04:07:00,118376.32,118388.16,118333.43,118333.43,4.90857
2025-07-21 04:08:00,118333.43,118333.44,118298.12,118298.12,4.07301
2025-07-21 04:09:00,118298.12,118368.36,118297.32,118368.36,10.40599
2025-07-21 04:10:00,118368.36,118382.03,118357.01,118357.02,3.19136
2025-07-21 04:11:00,118357.01,118368.12,118336.11,118368.12,3.77188
2025-07-21 04:12:00,118368.11,118368.12,118345.43,118345.43,6.71748
2025-07-21 04:13:00,118345.43,118345.44,118311.57,118311.58,8.20592
2025-07-21 04:14:00,118311.57,118365.74,118294.7,118365.74,4.42854
2025-07-21 04:15:00,118365.74,118365.74,118320.0,118320.01,3.22789
2025-07-21 04:16:00,118320.0,118320.01,118300.0,118300.0,2.95037
2025-07-21 04:17:00,118300.0,118325.27,118282.25,118317.97,5.83556
2025-07-21 04:18:00,118317.97,118324.0,118302.43,118324.0,2.62893
2025-07-21 04:19:00,118324.0,118338.79,118323.99,118335.82,4.70099
2025-07-21 04:20:00,118335.82,118377.35,118335.81,118341.1,4.99094
2025-07-21 04:21:00,118341.1,118380.0,118341.09,118368.33,5.83271
2025-07-21 04:22:00,118368.33,118483.96,118368.32,118483.96,14.28222
2025-07-21 04:23:00,118483.95,118544.06,118483.95,118529.64,13.08283
2025-07-21 04:24:00,118529.63,118634.57,118529.63,118587.72,32.17277
2025-07-21 04:25:00,118587.72,118603.16,118496.0,118496.0,5.98128
2025-07-21 04:26:00,118496.01,118553.74,118496.0,118511.06,6.51152
2025-07-21 04:27:00,118511.06,118517.1,118496.01,118496.01,5.38332
2025-07-21 04:28:00,118496.02,118496.02,118421.12,118454.69,33.02435
2025-07-21 04:29:00,118454.7,118454.7,118447.69,118451.52,7.05705
2025-07-21 04:30:00,118451.52,118451.53,118451.01,118451.01,3.70149
2025-07-21 04:31:00,118451.02,118513.04,118444.0,118513.03,6.1038
2025-07-21 04:32:00,118513.03,118522.05,118513.03,118522.04,2.45168
2025-07-21 04:33:00,118522.05,118547.8,118522.04,118534.64,4.44983
2025-07-21 04:34:00,118534.65,118547.8,118534.64,118546.66,9.22629
2025-07-21 04:35:00,118546.66,118546.67,118522.05,118522.05,3.79041
2025-07-21 04:36:00,118522.05,118522.06,118522.05,118522.06,3.86897
2025-07-21 04:37:00,118522.06,118543.82,118520.0,118521.42,12.22437
2025-07-21 04:38:00,118521.42,118545.47,118521.41,118545.46,1.54031
2025-07-21 04:39:00,118545.47,118545.47,118520.0,118537.24,4.10926
2025-07-21 04:40:00,118537.24,118537.25,118537.24,118537.25,3.03677
2025-07-21 04:41:00,118537.25,118600.0,118537.24,118599.99,15.23881
2025-07-21 04:42:00,118600.0,118603.68,118594.26,118603.67,4.76974
2025-07-21 04:43:00,118603.67,118633.01,118603.67,118614.0,8.66002
2025-07-21 04:44:00,118614.0,118614.01,118580.0,118580.01,2.75689
2025-07-21 04:45:00,118580.0,118580.01,118540.92,118540.92,2.93405
2025-07-21 04:46:00,118540.92,118547.68,118540.92,118540.92,7.24703
2025-07-21 04:47:00,118540.93,118540.93,118519.08,118519.08,3.95796
2025-07-21 04:48:00,118519.08,118529.84,118519.08,118529.84,4.09807
2025-07-21 04:49:00,118529.84,118529.84,118492.82,118492.82,5.17816
2025-07-21 04:50:00,118492.83,118520.89,118492.82,118492.83,6.02329
2025-07-21 04:51:00,118492.82,118492.83,118468.0,118468.01,2.79028
2025-07-21 04:52:00,118468.0,118468.01,118404.84,118422.19,7.5211
2025-07-21 04:53:00,118422.19,118429.01,118422.19,118429.0,1.12069
2025-07-21 04:54:00,118429.01,118429.01,118408.17,118408.17,3.40041
2025-07-21 04:55:00,118408.17,118408.18,118390.71,118390.71,4.001
2025-07-21 04:56:00,118390.71,118390.72,118390.71,118390.71,1.63625
2025-07-21 04:57:00,118390.72,118390.72,118336.16,118336.17,4.01307
2025-07-21 04:58:00,118336.16,118336.17,118319.03,118319.04,6.45827
2025-07-21 04:59:00,118319.03,118331.62,118319.03,118331.61,1.743
2025-07-21 05:00:00,118331.62,118331.62,118316.67,118316.68,3.78737
2025-07-21 05:01:00,118316.67,118316.68,118316.67,118316.68,2.07055
2025-07-21 05:02:00,118316.68,118362.43,118316.67,118362.42,11.23311
2025-07-21 05:03:00,118362.42,118385.39,118341.44,118385.39,18.46622
2025-07-21 05:04:00,118385.39,118385.4,118340.57,118343.52,9.79051
2025-07-21 05:05:00,118343.53,118343.53,118300.0,118300.0,19.79123
2025-07-21 05:06:00,118300.0,118300.51,118260.0,118260.01,28.39363
2025-07-21 05:07:00,118260.0,118330.93,118260.0,118330.92,34.20282
2025-07-21 05:08:00,118330.92,118330.93,118292.01,118299.98,20.40131
2025-07-21 05:09:00,118299.98,118299.99,118280.0,118280.0,25.60516
2025-07-21 05:10:00,118280.0,118299.39,118280.0,118299.38,25.99195
2025-07-21 05:11:00,118299.38,118336.63,118299.38,118327.71,18.21646
2025-07-21 05:12:00,118327.71,118357.75,118315.93,118356.5,24.4617
2025-07-21 05:13:00,118356.49,118356.5,118328.24,118349.72,29.73247
2025-07-21 05:14:00,118349.72,118376.02,118349.72,118376.01,22.3753
2025-07-21 05:15:00,118376.01,118376.02,118345.43,118345.43,8.86402
2025-07-21 05:16:00,118345.43,118345.44,118308.35,118308.36,3.71836
2025-07-21 05:17:00,118308.35,118308.36,118296.53,118296.53,7.62184
2025-07-21 05:18:00,118296.53,118307.76,118296.53,118307.75,1.17817
2025-07-21 05:19:00,118307.75,118308.35,118307.75,118308.34,4.19891
2025-07-21 05:20:00,118308.35,118308.35,118308.34,118308.35,0.74289
2025-07-21 05:21:00,118308.34,118308.35,118308.34,118308.34,1.03445
2025-07-21 05:22:00,118308.34,118308.34,118243.44,118243.44,5.44159
2025-07-21 05:23:00,118243.44,118243.45,118193.4,118193.4,5.58192
2025-07-21 05:24:00,118193.4,118199.59,118193.4,118193.4,2.01303
2025-07-21 05:25:00,118193.4,118194.16,118188.95,118194.15,2.41647
2025-07-21 05:26:00,118194.15,118194.16,118194.15,118194.15,0.54183
2025-07-21 05:27:00,118194.15,118215.46,118194.15,118207.06,2.19433
2025-07-21 05:28:00,118207.06,118216.3,118207.06,118216.3,3.99397
2025-07-21 05:29:00,118216.29,118216.3,118216.29,118216.29,0.25984
2025-07-21 05:30:00,118216.29,118244.18,118216.29,118244.18,1.74992
2025-07-21 05:31:00,118244.17,118244.18,118233.56,118233.56,3.22487
2025-07-21 05:32:00,118233.57,118286.33,118233.56,118283.03,12.55682
2025-07-21 05:33:00,118283.02,118311.0,118283.02,118283.03,3.49601
2025-07-21 05:34:00,118283.03,118283.03,118239.57,118239.57,2.89783
2025-07-21 05:35:00,118239.58,118239.58,118239.57,118239.57,1.39425
2025-07-21 05:36:00,118239.57,118302.96,118239.57,118302.95,3.04092
2025-07-21 05:37:00,118302.95,118302.96,118302.95,118302.95,0.9357
2025-07-21 05:38:00,118302.95,118343.07,118302.95,118343.06,5.7862
2025-07-21 05:39:00,118343.07,118343.07,118313.8,118313.81,2.13637
2025-07-21 05:40:00,118313.8,118339.99,118313.8,118337.61,4.99073
2025-07-21 05:41:00,118337.62,118337.62,118320.0,118329.62,2.51022
2025-07-21 05:42:00,118329.63,118329.63,118329.62,118329.62,0.87661
2025-07-21 05:43:00,118329.62,118329.63,118329.62,118329.63,0.70918
2025-07-21 05:44:00,118329.63,118329.63,118329.62,118329.62,1.22969
2025-07-21 05:45:00,118329.63,118335.36,118329.62,118335.35,1.80649
2025-07-21 05:46:00,118335.34,118335.35,118310.0,118310.0,1.94969
2025-07-21 05:47:00,118310.01,118310.01,118310.0,118310.01,1.29994
2025-07-21 05:48:00,118310.01,118325.49,118310.0,118325.0,4.10861
2025-07-21 05:49:00,118325.0,118325.0,118317.0,118317.01,1.83341
2025-07-21 05:50:00,118317.0,118317.01,118287.61,118317.0,7.25436
2025-07-21 05:51:00,118317.01,118400.0,118317.0,118400.0,14.92532
2025-07-21 05:52:00,118399.99,118410.0,118367.85,118394.42,4.79015
2025-07-21 05:53:00,118394.42,118394.42,118360.42,118360.42,5.35627
2025-07-21 05:54:00,118360.43,118360.43,118352.27,118352.27,1.41932
2025-07-21 05:55:00,118352.28,118400.0,118352.27,118400.0,8.54009
2025-07-21 05:56:00,118400.0,118430.24,118399.99,118430.23,14.80498
2025-07-21 05:57:00,118430.23,118430.24,118423.98,118423.98,4.33974
2025-07-21 05:58:00,118423.99,118423.99,118400.24,118400.24,4.57056
2025-07-21 05:59:00,118400.24,118430.23,118400.24,118430.22,2.71202
2025-07-21 06:00:00,118430.22,118430.23,118430.22,118430.23,2.04847
2025-07-21 06:01:00,118430.23,118430.23,118374.3,118387.5,7.45745
2025-07-21 06:02:00,118387.5,118389.96,118342.91,118342.91,3.08896
2025-07-21 06:03:00,118342.92,118351.92,118320.0,118320.0,2.95821
2025-07-21 06:04:00,118320.0,118320.01,118300.0,118300.0,3.63807
2025-07-21 06:05:00,118300.0,118300.01,118290.24,118290.24,6.5329
2025-07-21 06:06:00,118290.24,118337.0,118290.24,118336.99,6.07114
2025-07-21 06:07:00,118336.99,118337.0,118320.0,118320.0,1.81364
2025-07-21 06:08:00,118320.0,118322.59,118300.06,118314.68,5.50002
2025-07-21 06:09:00,118314.67,118317.61,118300.12,118306.04,2.77827
2025-07-21 06:10:00,118306.05,118322.97,118306.04,118322.96,3.80535
2025-07-21 06:11:00,118322.96,118322.97,118290.25,118322.96,5.02926
2025-07-21 06:12:00,118322.96,118344.98,118322.96,118344.98,2.14882
2025-07-21 06:13:00,118344.97,118350.0,118308.33,118308.33,6.3327
2025-07-21 06:14:00,118308.33,118357.68,118307.93,118357.67,24.38926
2025-07-21 06:15:00,118357.68,118372.9,118357.67,118372.89,2.44709
2025-07-21 06:16:00,118372.89,118400.0,118372.89,118395.1,3.9049
2025-07-21 06:17:00,118395.09,118433.6,118395.09,118433.6,3.14657
2025-07-21 06:18:00,118433.6,118544.26,118433.59,118518.04,16.06561
2025-07-21 06:19:00,118518.05,118580.29,118518.04,118560.01,10.62454
2025-07-21 06:20:00,118560.01,118612.19,118560.01,118562.62,14.30466
2025-07-21 06:21:00,118562.62,118617.02,118561.97,118608.69,22.81988
2025-07-21 06:22:00,118608.68,118632.79,118577.43,118632.78,24.12346
2025-07-21 06:23:00,118632.79,118856.8,118632.78,118748.5,110.50381
2025-07-21 06:24:00,118748.5,118814.16,118715.14,118715.15,20.07991
2025-07-21 06:25:00,118715.15,118806.02,118715.15,118790.15,14.27661
2025-07-21 06:26:00,118790.15,118814.16,118768.33,118814.15,22.31263
2025-07-21 06:27:00,118814.15,118828.67,118789.67,118828.65,12.72796
2025-07-21 06:28:00,118828.65,118839.76,118818.2,118839.75,11.94577
2025-07-21 06:29:00,118839.76,118850.8,118839.75,118850.8,12.89236
2025-07-21 06:30:00,118850.8,119111.11,118850.79,118996.28,151.29637
2025-07-21 06:31:00,118996.29,119099.72,118953.15,119099.72,30.94886
2025-07-21 06:32:00,119099.72,119119.0,118963.37,119119.0,23.2285
2025-07-21 06:33:00,119118.99,119187.07,119000.0,119187.06,95.01728
2025-07-21 06:34:00,119187.06,119222.91,119160.98,119216.98,33.13683
2025-07-21 06:35:00,119216.97,119241.57,119172.08,119203.57,18.61477
2025-07-21 06:36:00,119205.45,119205.45,119120.0,119159.99,17.10477
2025-07-21 06:37:00,119160.0,119160.0,119062.07,119062.09,16.03842
2025-07-21 06:38:00,119062.09,119100.0,119062.08,119077.1,11.70729
2025-07-21 06:39:00,119077.1,119077.11,119068.32,119068.33,5.24901
2025-07-21 06:40:00,119068.33,119120.0,119068.32,119120.0,11.96969
2025-07-21 06:41:00,119120.0,119120.0,119100.0,119100.01,8.69254
2025-07-21 06:42:00,119100.01,119134.32,119100.0,119110.83,10.30914
2025-07-21 06:43:00,119110.83,119110.83,119064.45,119064.46,33.63981
2025-07-21 06:44:00,119064.45,119100.0,118931.06,118966.66,22.03591
2025-07-21 06:45:00,118966.66,118996.84,118911.74,118938.72,19.64031
2025-07-21 06:46:00,118938.72,118984.51,118938.72,118980.01,18.80749
2025-07-21 06:47:00,118980.0,118999.98,118980.0,118988.11,15.60969
2025-07-21 06:48:00,118988.12,118988.12,118956.57,118956.57,9.01628
2025-07-21 06:49:00,118956.57,119040.0,118956.57,119040.0,18.12827
2025-07-21 06:50:00,119040.0,119087.08,119039.99,119045.13,17.13956
2025-07-21 06:51:00,119045.12,119050.0,118996.23,119049.99,9.23679
2025-07-21 06:52:00,119049.99,119050.0,119029.25,119029.26,9.96812
2025-07-21 06:53:00,119029.25,119126.73,119013.54,119115.21,28.05648
2025-07-21 06:54:00,119115.2,119172.0,119106.73,119164.53,16.13182
2025-07-21 06:55:00,119164.53,119180.0,119141.59,119174.55,19.71979
2025-07-21 06:56:00,119174.56,119188.0,119174.55,119187.99,7.43814
2025-07-21 06:57:00,119187.99,119195.0,119187.99,119194.96,9.82942
2025-07-21 06:58:00,119194.97,119194.97,119177.48,119177.48,15.85111
2025-07-21 06:59:00,119177.48,119177.49,119150.01,119169.25,9.904
2025-07-21 07:00:00,119169.26,119219.84,119169.25,119169.25,9.40086
2025-07-21 07:01:00,119169.25,119214.39,119169.25,119202.47,16.55892
2025-07-21 07:02:00,119202.47,119202.47,119162.62,119199.99,8.68434
2025-07-21 07:03:00,119199.99,119200.0,119199.99,119200.0,1.62391
2025-07-21 07:04:00,119199.99,119319.43,119199.99,119319.42,21.94375
2025-07-21 07:05:00,119319.43,119400.0,119319.42,119387.99,37.22578
2025-07-21 07:06:00,119387.99,119407.84,119387.99,119405.08,21.09991
2025-07-21 07:07:00,119405.08,119405.08,119360.0,119360.0,14.11268
2025-07-21 07:08:00,119360.0,119379.81,119320.06,119368.52,18.33013
2025-07-21 07:09:00,119368.52,119399.82,119340.0,119399.81,14.84547
2025-07-21 07:10:00,119399.81,119399.82,119383.13,119384.9,7.94448
2025-07-21 07:11:00,119384.9,119384.91,119300.0,119362.66,13.5952
2025-07-21 07:12:00,119362.65,119382.27,119362.65,119371.61,20.14445
2025-07-21 07:13:00,119371.96,119382.0,119322.51,119322.52,28.54607
2025-07-21 07:14:00,119322.52,119377.24,119322.51,119377.24,11.83771
2025-07-21 07:15:00,119377.23,119377.24,119344.06,119344.06,22.86551
2025-07-21 07:16:00,119344.06,119375.97,119344.06,119375.97,18.02422
2025-07-21 07:17:00,119375.96,119395.49,119368.5,119395.49,14.13573
2025-07-21 07:18:00,119395.48,119401.0,119380.71,119400.99,16.69787
2025-07-21 07:19:00,119401.0,119437.0,119400.99,119436.99,10.41435
2025-07-21 07:20:00,119436.99,119470.15,119436.99,119436.99,17.31539
2025-07-21 07:21:00,119437.0,119460.0,119436.99,119441.95,10.52915
2025-07-21 07:22:00,119441.95,119446.75,119441.95,119442.36,4.75523
2025-07-21 07:23:00,119442.35,119442.36,119442.35,119442.36,2.41965
2025-07-21 07:24:00,119442.35,119460.61,119442.35,119460.6,5.03608
2025-07-21 07:25:00,119460.61,119537.8,119460.6,119537.79,58.09155
2025-07-21 07:26:00,119537.79,119537.8,119508.17,119508.28,9.88552
2025-07-21 07:27:00,119508.28,119508.28,119473.0,119499.75,17.97344
2025-07-21 07:28:00,119499.75,119537.8,119499.74,119537.79,6.24796
2025-07-21 07:29:00,119537.8,119600.0,119537.79,119599.99,22.63525
2025-07-21 07:30:00,119600.0,119676.73,119533.89,119533.9,45.72252
2025-07-21 07:31:00,119533.89,119543.8,119440.46,119440.47,20.49024
2025-07-21 07:32:00,119440.46,119452.31,119362.3,119371.46,27.86413
2025-07-21 07:33:00,119371.46,119380.94,119340.0,119366.01,11.42699
2025-07-21 07:34:00,119366.0,119406.95,119340.0,119406.94,14.26742
2025-07-21 07:35:00,119406.94,119436.8,119406.94,119436.8,7.71262
2025-07-21 07:36:00,119436.79,119444.0,119436.79,119443.99,3.45608
2025-07-21 07:37:00,119443.99,119444.0,119422.31,119439.23,9.01819
2025-07-21 07:38:00,119439.22,119439.23,119400.0,119420.82,7.37408
2025-07-21 07:39:00,119420.81,119437.38,119400.0,119400.0,7.20318
2025-07-21 07:40:00,119400.0,119400.01,119393.46,119393.46,5.0148
2025-07-21 07:41:00,119393.46,119393.47,119334.99,119334.99,13.97233
2025-07-21 07:42:00,119334.99,119335.0,119284.29,119312.0,13.40136
2025-07-21 07:43:00,119311.99,119312.0,119298.9,119298.9,4.54313
2025-07-21 07:44:00,119298.9,119298.91,119276.29,119279.74,9.77351
2025-07-21 07:45:00,119279.74,119335.01,119279.74,119335.01,12.73022
2025-07-21 07:46:00,119335.01,119349.64,119322.89,119322.89,7.44379
2025-07-21 07:47:00,119322.9,119421.97,119311.55,119421.97,7.57066
2025-07-21 07:48:00,119421.96,119421.97,119318.84,119340.0,22.09787
2025-07-21 07:49:00,119339.99,119340.0,119334.31,119334.31,4.98912
2025-07-21 07:50:00,119334.31,119334.32,119304.87,119304.87,4.58844
2025-07-21 07:51:00,119304.87,119304.87,119271.71,119292.0,9.86906
2025-07-21 07:52:00,119292.0,119300.0,119291.99,119300.0,4.74975
2025-07-21 07:53:00,119299.99,119327.99,119299.99,119315.01,5.11219
2025-07-21 07:54:00,119315.0,119315.01,119300.0,119300.0,6.73068
2025-07-21 07:55:00,119300.0,119300.01,119300.0,119300.0,6.06631
2025-07-21 07:56:00,119300.0,119319.33,119300.0,119303.35,10.35365
2025-07-21 07:57:00,119303.34,119303.35,119303.34,119303.34,1.34336
2025-07-21 07:58:00,119303.34,119316.81,119303.34,119316.8,4.22259
2025-07-21 07:59:00,119316.8,119362.67,119316.8,119362.67,15.15361
2025-07-21 08:00:00,119364.18,119394.04,119364.18,119387.43,4.35408
2025-07-21 08:01:00,119387.44,119387.44,119386.17,119386.18,7.2644
2025-07-21 08:02:00,119386.17,119386.18,119357.35,119357.35,5.50922
2025-07-21 08:03:00,119357.36,119379.99,119339.27,119379.99,4.91647
2025-07-21 08:04:00,119379.99,119389.09,119365.99,119366.0,10.08826
2025-07-21 08:05:00,119366.0,119377.55,119365.99,119377.54,4.92526
2025-07-21 08:06:00,119377.54,119400.0,119377.53,119399.99,15.48024
2025-07-21 08:07:00,119399.99,119466.0,119399.99,119454.77,8.77949
2025-07-21 08:08:00,119454.77,119454.77,119440.0,119452.25,25.84912
2025-07-21 08:09:00,119452.24,119493.46,119452.24,119486.35,14.24148
2025-07-21 08:10:00,119486.35,119500.0,119480.11,119500.0,2.28812
2025-07-21 08:11:00,119499.99,119500.0,119482.0,119482.0,2.76809
2025-07-21 08:12:00,119482.0,119487.35,119482.0,119487.35,5.55292
2025-07-21 08:13:00,119487.35,119500.0,119467.63,119467.64,4.92259
2025-07-21 08:14:00,119467.64,119470.32,119380.0,119380.01,13.23285
2025-07-21 08:15:00,119380.0,119400.0,119380.0,119384.09,3.82874
2025-07-21 08:16:00,119384.09,119384.09,119321.87,119324.69,5.27313
2025-07-21 08:17:00,119324.68,119338.51,119285.54,119338.5,6.51855
2025-07-21 08:18:00,119338.51,119338.51,119286.43,119286.44,3.81912
2025-07-21 08:19:00,119286.44,119313.67,119286.43,119313.67,5.68929
2025-07-21 08:20:00,119313.67,119346.19,119313.66,119336.01,10.10586
2025-07-21 08:21:00,119336.0,119336.01,119311.22,119311.22,3.11953
2025-07-21 08:22:00,119311.22,119311.23,119268.08,119270.3,41.50503
2025-07-21 08:23:00,119270.29,119277.99,119238.05,119238.05,14.73412
2025-07-21 08:24:00,119238.06,119265.85,119233.71,119265.84,4.52001
2025-07-21 08:25:00,119265.85,119296.19,119265.85,119280.0,5.55927
2025-07-21 08:26:00,119280.01,119280.01,119265.84,119265.84,2.67086
2025-07-21 08:27:00,119265.85,119265.85,119239.25,119239.25,4.90666
2025-07-21 08:28:00,119239.25,119239.26,119191.62,119239.13,10.65066
2025-07-21 08:29:00,119239.13,119260.0,119229.53,119259.99,8.04521
2025-07-21 08:30:00,119260.0,119289.94,119259.99,119289.93,3.52551
2025-07-21 08:31:00,119289.93,119340.0,119289.93,119340.0,7.01756
2025-07-21 08:32:00,119340.0,119344.04,119300.61,119300.62,27.04784
2025-07-21 08:33:00,119300.61,119323.87,119300.61,119323.86,4.61844
2025-07-21 08:34:00,119323.86,119328.57,119282.4,119282.43,9.69222
2025-07-21 08:35:00,119282.42,119302.17,119282.42,119282.42,4.34455
2025-07-21 08:36:00,119282.42,119282.43,119237.93,119237.94,25.78051
2025-07-21 08:37:00,119237.95,119237.95,119219.81,119237.93,10.4472
2025-07-21 08:38:00,119237.94,119237.94,119211.21,119211.22,7.58788
2025-07-21 08:39:00,119211.21,119211.22,118929.31,119037.79,104.115
2025-07-21 08:40:00,119037.78,119093.92,119011.04,119029.7,23.10012
2025-07-21 08:41:00,119029.71,119029.71,118983.04,119014.03,47.9528
2025-07-21 08:42:00,119014.04,119080.0,119014.04,119079.99,4.27102
2025-07-21 08:43:00,119079.99,119080.0,119012.71,119012.71,8.02853
2025-07-21 08:44:00,119012.71,119019.78,118999.24,118999.24,12.22976
2025-07-21 08:45:00,118999.24,119090.2,118999.24,119090.2,7.92741
2025-07-21 08:46:00,119090.2,119090.2,119009.03,119009.03,9.54276
2025-07-21 08:47:00,119009.04,119045.28,118977.63,119027.32,27.94918
2025-07-21 08:48:00,119027.31,119039.15,118998.48,119039.15,14.6923
2025-07-21 08:49:00,119039.15,119077.76,119039.14,119077.76,2.71304
2025-07-21 08:50:00,119077.76,119097.75,119059.99,119059.99,5.45314
2025-07-21 08:51:00,119059.99,119072.78,119002.8,119002.81,8.01168
2025-07-21 08:52:00,119002.8,119002.81,118900.0,118900.0,9.63913
2025-07-21 08:53:00,118900.0,118942.33,118854.9,118907.9,20.61038
2025-07-21 08:54:00,118907.91,118907.91,118868.1,118868.11,5.63552
2025-07-21 08:55:00,118868.11,118940.0,118864.94,118928.35,5.85493
2025-07-21 08:56:00,118928.35,118977.7,118928.35,118977.69,3.13081
2025-07-21 08:57:00,118977.7,118977.7,118922.56,118967.85,8.66773
2025-07-21 08:58:00,118967.85,118997.26,118967.85,118997.24,6.60319
2025-07-21 08:59:00,118997.24,119016.84,118997.24,119016.83,3.28426
2025-07-21 09:00:00,119016.84,119060.0,119016.83,119038.64,7.09563
2025-07-21 09:01:00,119038.64,119038.65,118998.9,118998.91,3.81193
2025-07-21 09:02:00,118998.9,118998.91,118969.07,118969.08,3.74119
2025-07-21 09:03:00,118969.07,118969.08,118911.56,118911.56,3.80268
2025-07-21 09:04:00,118911.56,118973.25,118901.69,118973.25,5.51407
2025-07-21 09:05:00,118973.25,119032.92,118973.24,119032.92,9.0338
2025-07-21 09:06:00,119032.92,119080.0,119032.91,119080.0,2.89745
2025-07-21 09:07:00,119079.99,119079.99,119055.24,119055.25,6.95825
2025-07-21 09:08:00,119055.24,119086.05,119055.24,119086.05,6.89578
2025-07-21 09:09:00,119086.04,119086.05,119086.04,119086.05,2.21865
2025-07-21 09:10:00,119086.04,119086.05,119072.11,119072.11,6.66169
2025-07-21 09:11:00,119072.11,119072.12,119046.85,119046.85,4.09018
2025-07-21 09:12:00,119046.85,119046.86,118985.67,118985.68,9.83851
2025-07-21 09:13:00,118985.67,118985.68,118923.66,118923.66,5.81917
2025-07-21 09:14:00,118923.66,118927.03,118923.66,118927.03,2.65883
2025-07-21 09:15:00,118927.02,118960.0,118927.02,118930.89,2.13233
2025-07-21 09:16:00,118930.89,118930.89,118863.22,118863.22,9.76367
2025-07-21 09:17:00,118863.22,118875.29,118863.22,118875.28,2.20716
2025-07-21 09:18:00,118875.28,118875.29,118826.87,118826.87,10.13953
2025-07-21 09:19:00,118826.87,118866.05,118810.0,118866.04,10.88591
2025-07-21 09:20:00,118866.05,118866.05,118850.0,118850.0,9.71496
2025-07-21 09:21:00,118850.0,118850.01,118832.98,118832.98,7.00185
2025-07-21 09:22:00,118832.98,118832.99,118800.0,118800.0,5.59644
2025-07-21 09:23:00,118800.01,118832.7,118790.0,118832.7,6.79837
2025-07-21 09:24:00,118832.69,118834.0,118830.0,118830.0,3.77595
2025-07-21 09:25:00,118830.0,118830.01,118790.0,118790.01,6.23903
2025-07-21 09:26:00,118790.01,118790.01,118780.0,118780.0,3.22096
2025-07-21 09:27:00,118780.01,118790.0,118780.0,118789.99,2.44017
2025-07-21 09:28:00,118790.0,118790.0,118789.99,118790.0,4.8307
2025-07-21 09:29:00,118789.99,118790.0,118789.99,118789.99,1.4528
2025-07-21 09:30:00,118789.99,118790.0,118788.01,118788.01,9.72331
2025-07-21 09:31:00,118788.01,118803.27,118778.07,118803.26,7.35619
2025-07-21 09:32:00,118803.27,118803.27,118765.71,118788.01,12.50921
2025-07-21 09:33:00,118788.0,118788.01,118788.0,118788.01,1.81562
2025-07-21 09:34:00,118788.0,118830.01,118788.0,118819.99,3.61254
2025-07-21 09:35:00,118820.0,118820.0,118788.0,118788.0,3.79738
2025-07-21 09:36:00,118788.01,118788.01,118737.7,118737.71,3.87963
2025-07-21 09:37:00,118737.71,118737.71,118719.29,118719.3,3.08065
2025-07-21 09:38:00,118719.3,118719.3,118709.38,118709.38,2.93114
2025-07-21 09:39:00,118709.39,118709.39,118680.28,118680.28,5.20548
2025-07-21 09:40:00,118680.28,118680.29,118620.0,118620.0,9.68403
2025-07-21 09:41:00,118620.0,118620.01,118544.0,118570.98,12.97033
2025-07-21 09:42:00,118570.98,118594.48,118527.12,118535.34,10.20506
2025-07-21 09:43:00,118535.34,118607.63,118535.34,118602.91,10.6682
2025-07-21 09:44:00,118602.91,118617.01,118601.98,118617.0,7.41204
2025-07-21 09:45:00,118617.01,118619.18,118600.59,118600.59,5.85247
2025-07-21 09:46:00,118600.59,118600.6,118553.86,118553.86,5.9265
2025-07-21 09:47:00,118553.87,118563.11,118553.86,118563.1,1.58716
2025-07-21 09:48:00,118563.1,118619.77,118563.1,118604.75,8.12369
2025-07-21 09:49:00,118604.76,118604.76,118566.26,118593.93,5.53656
2025-07-21 09:50:00,118593.93,118679.71,118593.93,118679.71,8.81633
2025-07-21 09:51:00,118679.71,118725.09,118679.7,118713.5,13.01211
2025-07-21 09:52:00,118713.5,118735.12,118705.06,118705.07,8.67849
2025-07-21 09:53:00,118705.07,118711.05,118705.06,118711.04,7.55876
2025-07-21 09:54:00,118711.04,118717.06,118650.07,118650.08,5.11243
2025-07-21 09:55:00,118650.08,118676.04,118645.48,118645.49,6.91867
2025-07-21 09:56:00,118645.49,118695.27,118645.48,118695.26,9.22521
2025-07-21 09:57:00,118695.27,118695.27,118689.28,118689.28,4.02843
2025-07-21 09:58:00,118689.28,118711.99,118689.28,118703.08,4.33261
2025-07-21 09:59:00,118703.08,118710.0,118690.05,118690.05,6.66331
2025-07-21 10:00:00,118690.05,118706.13,118690.05,118701.53,5.7429
2025-07-21 10:01:00,118701.52,118750.49,118701.52,118727.2,8.3771
2025-07-21 10:02:00,118727.2,118727.2,118727.19,118727.2,2.07261
2025-07-21 10:03:00,118727.19,118727.2,118689.28,118689.29,3.1545
2025-07-21 10:04:00,118689.29,118689.29,118640.0,118640.0,3.47866
2025-07-21 10:05:00,118640.01,118677.0,118640.0,118676.99,3.8148
2025-07-21 10:06:00,118676.99,118697.0,118676.99,118696.99,3.48877
2025-07-21 10:07:00,118697.0,118697.0,118679.03,118679.03,2.5286
2025-07-21 10:08:00,118679.04,118707.33,118650.91,118707.32,12.21483
2025-07-21 10:09:00,118707.32,118707.33,118628.57,118628.57,14.73218
2025-07-21 10:10:00,118628.57,118673.24,118628.57,118673.23,5.80236
2025-07-21 10:11:00,118673.24,118728.99,118673.23,118728.98,5.25782
2025-07-21 10:12:00,118728.98,118757.84,118728.08,118728.09,6.5308
2025-07-21 10:13:00,118728.08,118771.47,118728.08,118771.46,5.32312
2025-07-21 10:14:00,118771.46,118820.0,118771.46,118797.23,6.89867
2025-07-21 10:15:00,118797.24,118797.24,118756.7,118773.69,6.79862
2025-07-21 10:16:00,118773.69,118773.7,118743.59,118743.6,5.17112
2025-07-21 10:17:00,118743.59,118743.6,118680.0,118680.0,4.06286
2025-07-21 10:18:00,118680.0,118690.53,118638.11,118638.11,6.08114
2025-07-21 10:19:00,118638.11,118714.85,118638.11,118714.85,6.46871
2025-07-21 10:20:00,118714.85,118781.95,118714.85,118781.95,14.40125
2025-07-21 10:21:00,118781.94,118781.95,118732.67,118732.67,3.53054
2025-07-21 10:22:00,118732.68,118732.68,118695.43,118695.44,1.86928
2025-07-21 10:23:00,118695.44,118695.44,118672.0,118672.0,3.77182
2025-07-21 10:24:00,118672.0,118689.57,118661.47,118689.56,5.50442
2025-07-21 10:25:00,118689.56,118689.57,118654.21,118654.22,16.50755
2025-07-21 10:26:00,118654.22,118654.22,118654.21,118654.21,2.68185
2025-07-21 10:27:00,118654.21,118654.22,118594.0,118594.01,3.60793
2025-07-21 10:28:00,118594.01,118594.01,118513.16,118515.95,19.49747
2025-07-21 10:29:00,118515.96,118533.5,118515.49,118533.49,6.27383
2025-07-21 10:30:00,118533.49,118585.64,118533.49,118569.05,3.97964
2025-07-21 10:31:00,118569.05,118588.21,118569.05,118588.2,4.36299
2025-07-21 10:32:00,118588.2,118588.21,118557.21,118557.21,5.73749
2025-07-21 10:33:00,118557.21,118557.21,118510.97,118510.97,3.20816
2025-07-21 10:34:00,118510.97,118510.97,118481.17,118481.17,13.09561
2025-07-21 10:35:00,118481.17,118523.15,118472.37,118523.14,14.42362
2025-07-21 10:36:00,118523.14,118523.14,118474.01,118474.02,18.69923
2025-07-21 10:37:00,118474.02,118534.83,118470.05,118519.74,25.65985
2025-07-21 10:38:00,118519.74,118519.75,118471.15,118483.14,45.88613
2025-07-21 10:39:00,118483.14,118483.14,118409.56,118426.47,48.32452
2025-07-21 10:40:00,118426.48,118447.2,118401.29,118401.3,40.12969
2025-07-21 10:41:00,118401.3,118420.48,118344.0,118344.01,43.23053
2025-07-21 10:42:00,118344.01,118405.92,118344.0,118402.81,22.3755
2025-07-21 10:43:00,118402.8,118500.0,118402.8,118499.99,22.86319
2025-07-21 10:44:00,118500.0,118519.74,118499.99,118519.17,17.87709
2025-07-21 10:45:00,118519.16,118566.03,118519.16,118557.41,22.85879
2025-07-21 10:46:00,118557.4,118588.19,118551.28,118588.18,14.68164
2025-07-21 10:47:00,118588.19,118605.91,118571.25,118578.0,23.40166
2025-07-21 10:48:00,118577.99,118586.98,118577.99,118586.98,3.24457
2025-07-21 10:49:00,118586.98,118586.98,118575.06,118575.06,5.99068
2025-07-21 10:50:00,118575.07,118575.07,118560.0,118560.01,16.0403
2025-07-21 10:51:00,118560.0,118560.01,118560.0,118560.0,3.44045
2025-07-21 10:52:00,118560.01,118595.58,118560.0,118595.58,9.50406
2025-07-21 10:53:00,118595.57,118595.58,118579.27,118582.58,5.20688
2025-07-21 10:54:00,118582.57,118582.58,118568.19,118568.19,2.58655
2025-07-21 10:55:00,118568.2,118586.46,118568.19,118586.46,5.01583
2025-07-21 10:56:00,118586.45,118586.46,118568.19,118568.19,9.57911
2025-07-21 10:57:00,118568.19,118593.0,118568.19,118592.99,3.46831
2025-07-21 10:58:00,118592.99,118593.0,118574.0,118574.0,10.67137
2025-07-21 10:59:00,118574.01,118589.16,118574.0,118578.14,16.11564
2025-07-21 11:00:00,118578.14,118578.14,118570.29,118578.1,18.63993
2025-07-21 11:01:00,118578.11,118608.28,118570.3,118608.28,20.49462
2025-07-21 11:02:00,118608.28,118688.98,118608.27,118688.98,25.52725
2025-07-21 11:03:00,118688.98,118731.39,118688.97,118708.01,18.67628
2025-07-21 11:04:00,118708.0,118750.06,118700.29,118743.6,47.67416
2025-07-21 11:05:00,118743.59,118743.6,118702.37,118702.37,42.73415
2025-07-21 11:06:00,118702.37,118764.53,118702.37,118702.9,23.3904
2025-07-21 11:07:00,118702.9,118731.77,118696.76,118731.76,25.35345
2025-07-21 11:08:00,118731.77,118731.77,118697.82,118697.83,6.68552
2025-07-21 11:09:00,118697.83,118697.83,118632.29,118632.29,3.74861
2025-07-21 11:10:00,118632.3,118632.3,118632.29,118632.29,2.2121
2025-07-21 11:11:00,118632.3,118697.56,118632.29,118697.4,42.51763
2025-07-21 11:12:00,118697.41,118698.84,118697.4,118698.83,2.20745
2025-07-21 11:13:00,118698.84,118700.0,118675.15,118675.15,14.37918
2025-07-21 11:14:00,118675.15,118675.16,118632.29,118632.29,7.62768
2025-07-21 11:15:00,118632.29,118632.29,118528.01,118528.01,11.06022
2025-07-21 11:16:00,118528.01,118559.5,118526.1,118559.5,4.81759
2025-07-21 11:17:00,118559.5,118594.59,118542.06,118594.59,5.6276
2025-07-21 11:18:00,118594.59,118634.92,118594.58,118634.92,2.26296
2025-07-21 11:19:00,118634.92,118656.95,118634.91,118650.51,2.61993
2025-07-21 11:20:00,118650.51,118650.51,118650.5,118650.5,1.99539
2025-07-21 11:21:00,118650.5,118650.51,118614.84,118614.85,3.04556
2025-07-21 11:22:00,118614.85,118614.85,118513.0,118556.26,52.87152
2025-07-21 11:23:00,118556.25,118627.76,118544.41,118626.0,9.64052
2025-07-21 11:24:00,118626.0,118743.17,118625.99,118742.94,18.09833
2025-07-21 11:25:00,118742.93,118798.2,118700.5,118700.5,10.34349
2025-07-21 11:26:00,118700.51,118700.51,118626.63,118626.64,10.50055
2025-07-21 11:27:00,118626.64,118626.64,118573.45,118623.57,4.80424
2025-07-21 11:28:00,118623.58,118641.28,118561.59,118619.98,8.68216
2025-07-21 11:29:00,118620.0,118653.41,118620.0,118629.98,8.56159
2025-07-21 11:30:00,118629.98,118639.03,118624.32,118639.02,2.28847
2025-07-21 11:31:00,118639.02,118646.66,118600.01,118600.01,7.47166
2025-07-21 11:32:00,118600.01,118606.86,118559.14,118572.0,7.92294
2025-07-21 11:33:00,118571.99,118600.66,118571.99,118600.66,4.217
2025-07-21 11:34:00,118600.66,118600.66,118556.26,118556.26,6.00979
2025-07-21 11:35:00,118556.26,118556.27,118472.1,118472.11,6.506
2025-07-21 11:36:00,118472.1,118472.11,118463.57,118463.57,5.7506
2025-07-21 11:37:00,118463.58,118483.57,118463.57,118471.74,3.54143
2025-07-21 11:38:00,118471.74,118471.75,118422.2,118427.43,11.2151
2025-07-21 11:39:00,118427.43,118459.2,118412.4,118412.41,6.45379
2025-07-21 11:40:00,118412.4,118433.38,118400.25,118405.92,10.99333
2025-07-21 11:41:00,118405.92,118405.92,118373.37,118373.37,6.46077
2025-07-21 11:42:00,118373.37,118373.38,118350.0,118350.01,4.59424
2025-07-21 11:43:00,118350.0,118362.53,118350.0,118362.52,4.70822
2025-07-21 11:44:00,118362.53,118362.53,118362.52,118362.53,1.70965
2025-07-21 11:45:00,118362.52,118418.21,118362.52,118397.0,9.39584
2025-07-21 11:46:00,118396.99,118406.37,118395.09,118395.1,4.07611
2025-07-21 11:47:00,118395.1,118395.1,118355.76,118355.77,6.43531
2025-07-21 11:48:00,118355.77,118360.59,118266.6,118309.94,53.146
2025-07-21 11:49:00,118309.93,118309.98,118296.85,118296.86,14.86588
2025-07-21 11:50:00,118296.86,118313.98,118268.45,118309.23,17.31313
2025-07-21 11:51:00,118309.23,118323.82,118260.0,118323.81,19.36731
2025-07-21 11:52:00,118323.81,118323.82,118300.0,118309.74,10.37761
2025-07-21 11:53:00,118309.74,118309.74,118242.07,118263.83,12.51872
2025-07-21 11:54:00,118263.82,118263.83,118222.2,118222.21,3.19616
2025-07-21 11:55:00,118222.2,118222.21,118171.67,118187.28,30.46673
2025-07-21 11:56:00,118187.29,118187.29,118172.01,118179.9,4.77295
2025-07-21 11:57:00,118179.9,118179.91,118179.89,118179.9,6.19268
2025-07-21 11:58:00,118179.9,118179.9,118179.89,118179.9,4.10996
2025-07-21 11:59:00,118179.9,118179.9,118070.16,118070.17,17.653
2025-07-21 12:00:00,118070.17,118112.4,117981.02,117981.03,34.16259
2025-07-21 12:01:00,117981.03,118017.62,117974.84,117974.84,12.94357
2025-07-21 12:02:00,117974.72,117974.72,117860.0,117860.01,26.0876
2025-07-21 12:03:00,117860.01,117872.45,117778.7,117816.64,21.08219
2025-07-21 12:04:00,117816.63,117938.91,117778.72,117915.8,31.30552
2025-07-21 12:05:00,117915.79,117915.79,117845.48,117851.01,17.30418
2025-07-21 12:06:00,117851.02,118041.41,117851.01,118037.25,33.40534
2025-07-21 12:07:00,118037.24,118059.67,117963.74,117972.93,11.01564
2025-07-21 12:08:00,117972.94,117974.82,117929.01,117929.02,10.96311
2025-07-21 12:09:00,117929.01,117946.95,117906.81,117942.0,11.7826
2025-07-21 12:10:00,117942.0,117990.0,117941.99,117981.87,8.77553
2025-07-21 12:11:00,117981.87,118033.16,117981.87,118012.29,13.86052
2025-07-21 12:12:00,118012.29,118105.81,118012.29,118099.79,19.13648
2025-07-21 12:13:00,118099.79,118176.63,118083.2,118142.62,13.98902
2025-07-21 12:14:00,118142.62,118207.57,118142.61,118207.56,20.20186
2025-07-21 12:15:00,118207.57,118254.08,118176.85,118242.66,14.73338
2025-07-21 12:16:00,118242.67,118350.0,118242.66,118336.61,22.1951
2025-07-21 12:17:00,118336.61,118378.96,118310.2,118372.68,14.17593
2025-07-21 12:18:00,118372.68,118430.47,118346.11,118430.47,8.83533
2025-07-21 12:19:00,118430.46,118430.47,118368.83,118382.33,6.50018
2025-07-21 12:20:00,118382.34,118403.99,118340.64,118403.99,9.80591
2025-07-21 12:21:00,118403.98,118488.08,118380.0,118488.07,19.93001
2025-07-21 12:22:00,118488.08,118559.86,118485.12,118559.85,10.86097
2025-07-21 12:23:00,118559.86,118573.63,118549.92,118561.06,8.11381
2025-07-21 12:24:00,118561.06,118590.0,118561.06,118562.9,8.3492
2025-07-21 12:25:00,118562.89,118562.89,118520.5,118532.98,10.75093
2025-07-21 12:26:00,118532.98,118574.93,118481.27,118481.27,13.99508
2025-07-21 12:27:00,118481.19,118534.54,118473.46,118534.54,7.31501
2025-07-21 12:28:00,118534.54,118534.54,118467.23,118467.24,8.70752
2025-07-21 12:29:00,118467.24,118467.24,118422.25,118441.53,3.53367
2025-07-21 12:30:00,118441.54,118532.66,118441.54,118499.66,11.07106
2025-07-21 12:31:00,118499.67,118499.67,118321.45,118321.46,30.11104
2025-07-21 12:32:00,118321.46,118350.4,118290.47,118311.8,18.68488
2025-07-21 12:33:00,118311.81,118311.81,118265.32,118296.99,11.25283
2025-07-21 12:34:00,118297.0,118297.84,118265.32,118265.32,11.03867
2025-07-21 12:35:00,118265.32,118265.33,118181.04,118193.0,18.88129
2025-07-21 12:36:00,118193.0,118228.16,118166.31,118168.7,8.38883
2025-07-21 12:37:00,118168.69,118218.55,118132.61,118206.74,15.11108
2025-07-21 12:38:00,118206.73,118206.74,118151.44,118167.44,7.16947
2025-07-21 12:39:00,118167.43,118218.0,118167.43,118181.84,6.96874
2025-07-21 12:40:00,118181.85,118181.85,118107.95,118152.54,9.13975
2025-07-21 12:41:00,118152.53,118177.37,118152.53,118152.59,10.66021
2025-07-21 12:42:00,118152.6,118167.47,118140.0,118167.46,5.03108
2025-07-21 12:43:00,118167.46,118307.4,118167.46,118269.45,20.64776
2025-07-21 12:44:00,118269.45,118269.46,118194.48,118204.74,8.27401
2025-07-21 12:45:00,118204.74,118247.15,118158.71,118172.38,9.47145
2025-07-21 12:46:00,118172.39,118179.02,118120.0,118169.93,13.47647
2025-07-21 12:47:00,118169.93,118177.98,118149.28,118177.97,11.09706
2025-07-21 12:48:00,118177.96,118200.2,118177.96,118200.2,3.44556
2025-07-21 12:49:00,118200.2,118301.0,118200.19,118301.0,13.56234
2025-07-21 12:50:00,118301.0,118324.44,118288.55,118288.56,6.95239
2025-07-21 12:51:00,118288.55,118295.51,118273.78,118295.51,2.20914
2025-07-21 12:52:00,118295.5,118308.25,118285.33,118308.25,6.2433
2025-07-21 12:53:00,118308.24,118308.25,118290.8,118290.8,2.97662
2025-07-21 12:54:00,118290.8,118290.8,118206.67,118206.68,3.325
2025-07-21 12:55:00,118206.68,118217.81,118170.0,118170.0,3.77553
2025-07-21 12:56:00,118170.0,118177.91,118170.0,118177.9,3.67518
2025-07-21 12:57:00,118177.91,118177.91,118177.9,118177.91,2.26666
2025-07-21 12:58:00,118177.91,118217.81,118177.9,118217.81,6.6037
2025-07-21 12:59:00,118217.81,118217.81,118166.31,118172.82,7.21912
2025-07-21 13:00:00,118172.82,118200.0,118172.81,118173.21,4.55608
2025-07-21 13:01:00,118173.2,118173.21,118112.73,118135.54,4.17469
2025-07-21 13:02:00,118135.54,118135.54,118053.46,118053.46,5.8295
2025-07-21 13:03:00,118053.47,118080.28,118024.68,118080.28,14.93603
2025-07-21 13:04:00,118080.27,118080.28,118000.41,118000.42,11.63109
2025-07-21 13:05:00,118000.41,118000.42,117888.25,117931.47,25.79878
2025-07-21 13:06:00,117931.46,117977.85,117889.01,117899.98,5.58079
2025-07-21 13:07:00,117899.98,118068.0,117899.98,118067.99,8.75141
2025-07-21 13:08:00,118067.99,118087.23,118020.92,118076.0,6.6146
2025-07-21 13:09:00,118076.0,118076.01,118008.29,118027.94,6.20283
2025-07-21 13:10:00,118027.94,118077.07,118012.0,118037.03,10.39469
2025-07-21 13:11:00,118037.03,118037.03,117967.75,118013.32,5.35113
2025-07-21 13:12:00,118013.32,118026.77,117934.88,117943.33,8.928
2025-07-21 13:13:00,117943.33,117956.5,117920.0,117954.35,8.81012
2025-07-21 13:14:00,117954.35,118036.76,117954.35,117976.2,23.89924
2025-07-21 13:15:00,117976.21,118037.03,117976.2,118009.88,4.82041
2025-07-21 13:16:00,118009.87,118100.92,118000.53,118097.18,38.29036
2025-07-21 13:17:00,118097.18,118200.9,118091.18,118196.73,10.93866
2025-07-21 13:18:00,118196.73,118223.7,118166.0,118166.0,5.85861
2025-07-21 13:19:00,118166.0,118186.0,118137.04,118137.04,4.55294
2025-07-21 13:20:00,118137.04,118250.0,118121.23,118173.87,34.44225
2025-07-21 13:21:00,118173.86,118248.32,118162.03,118248.31,3.3657
2025-07-21 13:22:00,118248.31,118289.35,118248.31,118258.33,9.45306
2025-07-21 13:23:00,118258.32,118258.33,118221.05,118253.87,6.00524
2025-07-21 13:24:00,118253.87,118253.87,118210.31,118229.55,6.08341
2025-07-21 13:25:00,118229.55,118316.76,118229.55,118288.15,5.72609
2025-07-21 13:26:00,118288.15,118317.83,118260.0,118260.01,5.83396
2025-07-21 13:27:00,118260.0,118268.31,118244.57,118247.42,4.78932
2025-07-21 13:28:00,118247.42,118280.12,118244.46,118255.99,8.37257
2025-07-21 13:29:00,118256.0,118302.37,118255.99,118302.36,5.03615
2025-07-21 13:30:00,118302.36,118310.35,118245.65,118310.34,21.99274
2025-07-21 13:31:00,118310.35,118442.56,118282.79,118442.55,35.10433
2025-07-21 13:32:00,118442.55,118542.68,118424.33,118496.4,10.84834
2025-07-21 13:33:00,118496.41,118520.0,118423.78,118495.67,11.49072
2025-07-21 13:34:00,118495.68,118548.26,118387.5,118395.04,11.73491
2025-07-21 13:35:00,118395.05,118433.73,118355.19,118355.19,16.765
2025-07-21 13:36:00,118355.19,118413.17,118297.32,118407.1,21.006
2025-07-21 13:37:00,118407.1,118550.29,118400.0,118549.73,11.58518
2025-07-21 13:38:00,118549.74,118577.6,118457.89,118577.6,8.76635
2025-07-21 13:39:00,118577.6,118616.55,118577.59,118596.28,19.26013
2025-07-21 13:40:00,118596.28,118615.84,118535.4,118535.4,15.72181
2025-07-21 13:41:00,118535.4,118699.98,118535.4,118560.98,22.44993
2025-07-21 13:42:00,118560.97,118677.76,118530.1,118667.2,16.72509
2025-07-21 13:43:00,118667.2,118684.38,118634.42,118659.47,17.41882
2025-07-21 13:44:00,118659.46,118674.25,118589.44,118616.12,26.39644
2025-07-21 13:45:00,118616.25,118754.77,118616.24,118713.76,54.24852
2025-07-21 13:46:00,118713.76,118824.51,118713.75,118821.99,26.94436
2025-07-21 13:47:00,118821.99,118822.0,118780.0,118784.13,10.23128
2025-07-21 13:48:00,118784.13,118844.0,118784.13,118843.99,23.2183
2025-07-21 13:49:00,118843.99,118977.71,118843.99,118930.69,43.29601
2025-07-21 13:50:00,118930.68,118960.0,118838.15,118948.12,28.81838
2025-07-21 13:51:00,118948.12,118972.0,118903.46,118903.46,12.44533
2025-07-21 13:52:00,118903.47,119062.12,118903.46,119062.11,21.79411
2025-07-21 13:53:00,119062.11,119100.0,119012.31,119069.69,37.94789
2025-07-21 13:54:00,119069.69,119069.7,118866.4,118962.66,27.09892
2025-07-21 13:55:00,118962.66,118985.73,118889.51,118929.49,44.63789
2025-07-21 13:56:00,118929.49,118944.49,118841.55,118841.55,23.67134
2025-07-21 13:57:00,118841.55,118856.75,118698.08,118788.49,72.80138
2025-07-21 13:58:00,118788.49,118852.0,118699.59,118851.99,74.29606
2025-07-21 13:59:00,118851.99,118852.0,118820.0,118834.0,6.40057
2025-07-21 14:00:00,118834.0,118945.59,118834.0,118944.95,11.29396
2025-07-21 14:01:00,118944.94,118944.95,118743.33,118743.34,27.66187
2025-07-21 14:02:00,118743.34,118803.5,118743.33,118803.49,12.15367
2025-07-21 14:03:00,118803.49,118816.32,118774.85,118776.04,13.62767
2025-07-21 14:04:00,118776.05,118793.37,118738.12,118762.35,12.02922
2025-07-21 14:05:00,118762.35,118762.36,118695.31,118713.6,42.94476
2025-07-21 14:06:00,118713.61,118729.31,118682.0,118682.0,43.28447
2025-07-21 14:07:00,118682.0,118743.46,118670.33,118710.9,10.26698
2025-07-21 14:08:00,118710.91,118714.04,118561.88,118571.38,34.03863
2025-07-21 14:09:00,118571.38,118624.97,118555.56,118555.56,10.66444
2025-07-21 14:10:00,118555.55,118585.21,118531.77,118585.2,5.17626
2025-07-21 14:11:00,118585.21,118585.21,118461.58,118463.34,20.53158
2025-07-21 14:12:00,118463.35,118565.17,118432.0,118565.16,14.59552
2025-07-21 14:13:00,118565.17,118565.17,118513.84,118535.13,8.29981
2025-07-21 14:14:00,118535.13,118668.52,118489.98,118662.45,23.54651
2025-07-21 14:15:00,118662.44,118717.8,118640.0,118693.95,12.08732
2025-07-21 14:16:00,118693.96,118860.0,118693.96,118824.21,20.68948
2025-07-21 14:17:00,118824.21,118868.32,118802.04,118817.04,13.02614
2025-07-21 14:18:00,118817.04,118898.88,118817.04,118868.23,27.28694
2025-07-21 14:19:00,118868.23,118912.28,118868.22,118896.77,20.25389
2025-07-21 14:20:00,118896.78,119060.44,118877.34,119056.82,39.1582
2025-07-21 14:21:00,119056.82,119100.0,119049.18,119092.54,24.37602
2025-07-21 14:22:00,119092.53,119092.54,118999.88,119039.99,43.25217
2025-07-21 14:23:00,119040.0,119046.87,119001.65,119041.37,19.82271
2025-07-21 14:24:00,119041.37,119041.38,119035.48,119035.48,10.72187
2025-07-21 14:25:00,119035.48,119035.49,118836.99,118836.99,18.94542
2025-07-21 14:26:00,118836.99,118860.0,118802.04,118823.62,9.29569
2025-07-21 14:27:00,118823.62,118830.97,118787.87,118818.86,10.01662
2025-07-21 14:28:00,118818.85,118911.87,118818.85,118879.99,5.29067
2025-07-21 14:29:00,118879.99,118923.4,118879.99,118920.54,3.37853
2025-07-21 14:30:00,118920.54,118944.42,118873.47,118903.22,15.19715
2025-07-21 14:31:00,118903.21,118985.67,118891.4,118891.4,5.81664
2025-07-21 14:32:00,118891.41,118950.29,118852.0,118930.01,6.68203
2025-07-21 14:33:00,118930.02,119000.0,118913.78,119000.0,9.89468
2025-07-21 14:34:00,118999.99,119039.54,118971.32,119039.54,10.19184
2025-07-21 14:35:00,119039.55,119045.96,119005.37,119039.55,24.45031
2025-07-21 14:36:00,119039.55,119039.55,118964.15,118977.84,49.64592
2025-07-21 14:37:00,118977.83,118977.84,118875.73,118877.02,40.5786
2025-07-21 14:38:00,118877.01,118937.39,118876.86,118937.38,6.85809
2025-07-21 14:39:00,118937.39,118937.39,118892.9,118892.9,10.33966
2025-07-21 14:40:00,118892.91,118892.91,118737.91,118737.91,11.12709
2025-07-21 14:41:00,118737.92,118808.37,118734.53,118773.49,8.41853
2025-07-21 14:42:00,118773.49,118826.66,118761.62,118779.01,12.17823
2025-07-21 14:43:00,118779.02,118891.66,118779.02,118870.0,6.95828
2025-07-21 14:44:00,118870.01,119046.87,118870.0,119046.86,15.37708
2025-07-21 14:45:00,119046.87,119165.47,119042.08,119088.0,33.33905
2025-07-21 14:46:00,119088.0,119170.0,119069.99,119161.33,7.75754
2025-07-21 14:47:00,119161.32,119170.1,119110.46,119170.08,11.06077
2025-07-21 14:48:00,119170.09,119233.71,119170.08,119200.91,19.32654
2025-07-21 14:49:00,119200.91,119200.92,118990.29,118990.29,19.86723
2025-07-21 14:50:00,118990.3,119012.09,118900.0,118900.0,13.67346
2025-07-21 14:51:00,118900.0,118945.41,118884.77,118910.07,10.70569
2025-07-21 14:52:00,118910.07,118910.07,118812.48,118818.58,7.90033
2025-07-21 14:53:00,118818.59,118871.63,118791.92,118871.62,20.51333
2025-07-21 14:54:00,118871.63,118871.63,118818.0,118818.0,7.13984
2025-07-21 14:55:00,118818.01,118847.56,118810.73,118810.74,6.49766
2025-07-21 14:56:00,118810.74,118847.64,118800.0,118809.53,33.47965
2025-07-21 14:57:00,118809.52,118831.84,118797.87,118809.85,8.62694
2025-07-21 14:58:00,118811.48,118822.95,118780.0,118810.32,4.78967
2025-07-21 14:59:00,118810.31,118828.99,118786.91,118828.99,6.88057
2025-07-21 15:00:00,118828.99,118884.92,118796.75,118796.75,8.79824
2025-07-21 15:01:00,118796.76,118874.91,118796.76,118874.91,4.95904
2025-07-21 15:02:00,118874.9,118916.9,118840.0,118887.24,10.23242
2025-07-21 15:03:00,118887.24,118955.4,118880.0,118949.93,4.92371
2025-07-21 15:04:00,118949.93,118955.4,118888.23,118903.09,4.771
2025-07-21 15:05:00,118903.08,118939.61,118887.01,118918.66,9.07692
2025-07-21 15:06:00,118918.66,118918.66,118850.64,118858.94,6.14897
2025-07-21 15:07:00,118858.95,118894.19,118777.77,118777.78,4.37253
2025-07-21 15:08:00,118777.77,118777.78,118656.86,118744.03,18.49571
2025-07-21 15:09:00,118744.03,118906.0,118744.02,118906.0,11.60473
2025-07-21 15:10:00,118906.0,118914.89,118846.37,118846.37,9.04547
2025-07-21 15:11:00,118846.38,118850.93,118796.82,118798.27,6.22644
2025-07-21 15:12:00,118798.27,118830.25,118767.33,118830.25,8.05276
2025-07-21 15:13:00,118830.25,118830.25,118784.08,118787.06,5.59422
2025-07-21 15:14:00,118787.06,118787.06,118755.45,118764.88,3.18092
2025-07-21 15:15:00,118764.89,118865.0,118759.88,118838.21,13.32574
2025-07-21 15:16:00,118838.2,118838.2,118776.21,118799.99,5.10419
2025-07-21 15:17:00,118800.0,118833.64,118792.97,118802.42,5.09383
2025-07-21 15:18:00,118802.96,118916.9,118802.96,118916.9,7.51279
2025-07-21 15:19:00,118916.89,118916.89,118864.59,118881.67,2.83312
2025-07-21 15:20:00,118881.66,118988.0,118881.66,118988.0,16.00045
2025-07-21 15:21:00,118987.99,119076.48,118987.99,119076.48,22.19412
2025-07-21 15:22:00,119076.47,119119.59,119024.64,119024.64,34.72331
2025-07-21 15:23:00,119024.65,119044.12,119014.27,119042.75,10.00303
2025-07-21 15:24:00,119042.76,119055.85,119014.27,119014.27,17.56231
2025-07-21 15:25:00,119014.27,119014.27,118904.49,118904.5,15.539
2025-07-21 15:26:00,118904.49,118928.16,118780.37,118780.37,11.0315
2025-07-21 15:27:00,118780.38,118780.38,118675.99,118713.95,21.89288
2025-07-21 15:28:00,118713.95,118798.49,118713.94,118757.68,9.64505
2025-07-21 15:29:00,118757.68,118770.0,118697.29,118697.29,20.39031
2025-07-21 15:30:00,118697.29,118697.29,118621.23,118673.47,22.66118
2025-07-21 15:31:00,118673.46,118732.0,118673.46,118727.99,13.71116
2025-07-21 15:32:00,118727.99,118727.99,118604.47,118604.58,10.84977
2025-07-21 15:33:00,118604.58,118635.51,118550.0,118601.05,10.34958
2025-07-21 15:34:00,118601.04,118608.33,118550.0,118550.01,11.51596
2025-07-21 15:35:00,118550.0,118571.26,118505.47,118522.21,16.95075
2025-07-21 15:36:00,118522.21,118522.21,118461.56,118494.4,14.43132
2025-07-21 15:37:00,118494.41,118494.41,118434.71,118459.99,7.45881
2025-07-21 15:38:00,118459.99,118544.02,118454.0,118544.02,9.8092
2025-07-21 15:39:00,118544.02,118544.02,118452.86,118452.87,8.55209
2025-07-21 15:40:00,118452.86,118513.0,118428.15,118494.16,33.25019
2025-07-21 15:41:00,118494.17,118494.17,118426.36,118426.36,8.48328
2025-07-21 15:42:00,118426.36,118483.65,118426.36,118450.02,4.9669
2025-07-21 15:43:00,118450.02,118450.03,118312.34,118382.96,13.47017
2025-07-21 15:44:00,118382.95,118418.29,118326.86,118418.29,4.65789
2025-07-21 15:45:00,118418.29,118436.58,118340.79,118376.31,10.98222
2025-07-21 15:46:00,118376.31,118393.84,118332.76,118332.77,9.82014
2025-07-21 15:47:00,118332.77,118460.03,118332.77,118460.03,10.22696
2025-07-21 15:48:00,118460.02,118460.02,118383.93,118413.48,6.60367
2025-07-21 15:49:00,118413.48,118487.99,118403.35,118487.98,11.17831
2025-07-21 15:50:00,118487.98,118538.64,118484.77,118522.54,16.56661
2025-07-21 15:51:00,118522.55,118522.55,118450.1,118481.93,6.41215
2025-07-21 15:52:00,118481.94,118540.11,118474.22,118540.11,4.7965
2025-07-21 15:53:00,118540.11,118566.04,118488.95,118488.96,8.41994
2025-07-21 15:54:00,118488.96,118534.82,118485.84,118485.85,9.81544
2025-07-21 15:55:00,118485.85,118570.29,118485.84,118563.96,7.02948
2025-07-21 15:56:00,118563.96,118563.96,118493.91,118493.92,3.62152
2025-07-21 15:57:00,118493.92,118493.92,118386.45,118386.46,9.80556
2025-07-21 15:58:00,118386.46,118386.46,118270.0,118301.97,21.84531
2025-07-21 15:59:00,118301.98,118332.52,118301.97,118313.16,13.12491
2025-07-21 16:00:00,118313.16,118353.68,118285.38,118339.83,15.26952
2025-07-21 16:01:00,118339.82,118355.15,118300.65,118355.14,4.82361
2025-07-21 16:02:00,118355.15,118399.1,118340.01,118365.04,5.24427
2025-07-21 16:03:00,118365.05,118365.05,118344.34,118355.71,9.10802
2025-07-21 16:04:00,118355.72,118386.51,118296.5,118296.51,8.61261
2025-07-21 16:05:00,118296.51,118296.51,118129.06,118232.06,46.27092
2025-07-21 16:06:00,118232.06,118232.06,118069.04,118069.04,35.90135
2025-07-21 16:07:00,118069.05,118079.99,117987.06,118072.11,33.96169
2025-07-21 16:08:00,118072.11,118076.36,118050.0,118076.31,13.50583
2025-07-21 16:09:00,118076.31,118111.81,118007.33,118111.8,12.61816
2025-07-21 16:10:00,118111.81,118138.84,118000.0,118000.0,14.13582
2025-07-21 16:11:00,118000.0,118000.01,117899.0,117963.75,83.62004
2025-07-21 16:12:00,117963.75,117973.83,117932.42,117957.53,24.56786
2025-07-21 16:13:00,117957.53,118039.25,117892.67,118039.25,37.35623
2025-07-21 16:14:00,118039.24,118039.24,117968.27,117976.93,13.03529
2025-07-21 16:15:00,117976.92,117976.93,117910.64,117910.65,19.14609
2025-07-21 16:16:00,117910.64,117915.79,117779.92,117813.99,75.69398
2025-07-21 16:17:00,117813.98,117814.01,117650.0,117666.78,74.61321
2025-07-21 16:18:00,117666.78,117694.4,117627.44,117627.45,35.50877
2025-07-21 16:19:00,117627.44,117718.66,117606.65,117718.66,23.43081
2025-07-21 16:20:00,117718.65,117718.66,117545.72,117548.12,40.96712
2025-07-21 16:21:00,117548.12,117617.16,117500.0,117616.89,52.37596
2025-07-21 16:22:00,117616.88,117678.22,117563.2,117678.22,37.67009
2025-07-21 16:23:00,117678.21,117678.21,117574.41,117611.04,30.50183
2025-07-21 16:24:00,117611.04,117673.45,117611.04,117634.97,18.87706
2025-07-21 16:25:00,117634.97,117760.0,117634.96,117759.99,21.86377
2025-07-21 16:26:00,117760.0,117940.54,117759.99,117922.89,35.44015
2025-07-21 16:27:00,117922.89,117962.59,117880.0,117889.81,22.91125
2025-07-21 16:28:00,117889.81,117953.14,117887.92,117895.08,20.51794
2025-07-21 16:29:00,117895.09,117943.78,117886.6,117902.73,14.67795
2025-07-21 16:30:00,117902.74,117943.56,117888.0,117912.91,8.40924
2025-07-21 16:31:00,117912.91,117960.0,117912.91,117921.96,15.68708
2025-07-21 16:32:00,117921.96,117954.23,117888.0,117954.23,21.03026
2025-07-21 16:33:00,117954.23,117998.32,117936.52,117936.53,23.41021
2025-07-21 16:34:00,117936.53,117997.59,117936.52,117997.58,18.26372
2025-07-21 16:35:00,117997.59,118088.08,117997.58,118066.33,15.37839
2025-07-21 16:36:00,118066.34,118106.96,118066.33,118095.61,8.24428
2025-07-21 16:37:00,118095.62,118095.62,117970.0,117970.01,13.06629
2025-07-21 16:38:00,117970.0,118025.05,117970.0,117998.33,8.11101
2025-07-21 16:39:00,117998.33,118003.01,117860.28,117860.28,13.54073
2025-07-21 16:40:00,117860.28,117860.28,117783.48,117852.98,19.01643
2025-07-21 16:41:00,117852.98,117948.75,117852.97,117911.19,14.21947
2025-07-21 16:42:00,117911.2,117911.2,117856.0,117880.79,8.72595
2025-07-21 16:43:00,117880.79,117897.45,117840.0,117840.0,10.01466
2025-07-21 16:44:00,117840.0,117913.48,117833.76,117833.77,15.84546
2025-07-21 16:45:00,117833.77,117892.0,117833.0,117833.01,17.45451
2025-07-21 16:46:00,117833.0,117836.81,117775.01,117775.02,17.76974
2025-07-21 16:47:00,117775.01,117775.02,117666.0,117666.01,14.44994
2025-07-21 16:48:00,117666.0,117690.36,117666.0,117683.63,9.8405
2025-07-21 16:49:00,117683.64,117761.65,117683.63,117693.97,18.92057
2025-07-21 16:50:00,117693.97,117763.01,117648.9,117729.33,18.14054
2025-07-21 16:51:00,117729.32,117808.14,117729.32,117780.01,12.9933
2025-07-21 16:52:00,117780.01,117828.53,117780.0,117811.99,9.07711
2025-07-21 16:53:00,117811.99,117848.32,117801.47,117801.48,15.58329
2025-07-21 16:54:00,117801.48,117845.41,117801.47,117820.56,15.06127
2025-07-21 16:55:00,117820.56,117820.56,117780.01,117780.03,13.94116
2025-07-21 16:56:00,117780.02,117811.14,117777.0,117777.01,12.86499
2025-07-21 16:57:00,117777.01,117811.15,117768.15,117791.84,5.25195
2025-07-21 16:58:00,117791.84,117817.95,117774.79,117774.79,13.39045
2025-07-21 16:59:00,117774.79,117800.0,117738.41,117738.44,17.86188
2025-07-21 17:00:00,117738.44,117789.71,117711.48,117756.08,10.10208
2025-07-21 17:01:00,117756.08,117791.01,117726.48,117726.49,11.88853
2025-07-21 17:02:00,117726.49,117810.18,117726.48,117810.18,7.24497
2025-07-21 17:03:00,117810.17,117858.36,117772.37,117858.36,12.20834
2025-07-21 17:04:00,117858.36,117950.01,117858.36,117950.01,15.00483
2025-07-21 17:05:00,117950.01,117995.16,117950.0,117971.46,17.92241
2025-07-21 17:06:00,117971.46,117971.46,117847.32,117871.3,10.46205
